{"learning_rate": 0.0026137416364068783, "gamma": 0.9281573810241124, "epsilon_decay": 0.95, "epsilon": 0.6, "min_epsilon": 0.01, "epoch": 3, "dropout": 0.21070203921995243, "replay_memory_size": 5000000, "batch_size": 1000}